{
    "Format": 1.0,
    "Outfit": {
        "Component": {
            "0": 0,
            "1": 0,
            "10": 0,
            "11": 139,
            "2": 39,
            "3": 77,
            "4": 59,
            "5": 31,
            "6": 8,
            "7": 123,
            "8": 15,
            "9": 0
        },
        "Component Palette": {
            "0": 0,
            "1": 0,
            "10": 0,
            "11": 3,
            "2": 0,
            "3": 0,
            "4": 9,
            "5": 0,
            "6": 0,
            "7": 1,
            "8": 0,
            "9": 0
        },
        "Component Texture": {
            "0": 0,
            "1": 0,
            "10": 0,
            "11": 3,
            "2": 0,
            "3": 0,
            "4": 9,
            "5": 0,
            "6": 0,
            "7": 1,
            "8": 0,
            "9": 0
        },
        "Facial Details": {
            "Father Shape": 28,
            "Father Skin": 28,
            "Mother Shape": 12,
            "Mother Skin": 12,
            "Override Mix": 0.0,
            "Override Shape": 0,
            "Override Tone": 0,
            "Parent": 1,
            "Shape Mix": 0.9369999170303345,
            "Skin Mix": 0.8199999928474426
        },
        "Model": 1885233650,
        "Prop": {
            "0": 59,
            "1": -1,
            "2": 0,
            "3": -1,
            "4": -1,
            "5": -1,
            "6": -1,
            "7": -1,
            "8": -1,
            "9": -1
        },
        "Prop Texture": {
            "0": 9,
            "1": -1,
            "2": 0,
            "3": -1,
            "4": -1,
            "5": -1,
            "6": -1,
            "7": -1,
            "8": -1,
            "9": -1
        }
    }
}
